{"cameraMode":{"drawMode":0,"name":"Shaded","section":"Shading Mode"},"sceneLighting":true,"audioPlay":false,"sceneViewState":{"showFog":true,"showMaterialUpdate":false,"showSkybox":true,"showFlares":true,"showImageEffects":true,"showParticleSystems":true},"in2DMode":false,"pivot":{"x":-1.527144432067871,"y":-0.8701456785202026,"z":5.61134147644043},"rotation":{"x":0.1330849677324295,"y":-0.020809246227145196,"z":0.0027947332710027696,"w":0.9908822178840637},"size":98.0777587890625,"orthographic":false}